timestamp,close,direction,probability,adx,atr,regime_ok,future_close,actual_diff
2026-02-15 22:00:00+00:00,152.581,hold,0.5327203009222705,40.62997466723584,0.24678571428571314,True,153.135,0.554000000000002
2026-02-15 23:00:00+00:00,152.786,hold,0.5315966607187422,42.16446178012898,0.2464285714285706,True,153.343,0.556999999999988
2026-02-16 00:00:00+00:00,153.1,hold,0.5454886633380769,42.12659785113267,0.2560714285714271,True,153.342,0.24200000000001864
2026-02-16 01:00:00+00:00,153.022,hold,0.546999802612038,39.898010719109266,0.2591428571428541,True,153.57,0.5480000000000018
2026-02-16 02:00:00+00:00,153.01,hold,0.5437135869080334,38.482962131663726,0.2526428571428535,True,153.524,0.51400000000001
2026-02-16 03:00:00+00:00,153.067,hold,0.5437135869080334,37.1266902403028,0.24878571428570848,True,153.37,0.30299999999999727
2026-02-16 04:00:00+00:00,153.235,hold,0.5390085304796804,36.27139065737103,0.2371428571428526,True,153.372,0.13700000000000045
2026-02-16 05:00:00+00:00,153.195,hold,0.5466476414012064,37.06882062459859,0.22028571428571045,True,153.334,0.13900000000001
2026-02-16 06:00:00+00:00,153.135,hold,0.5350048026951649,35.704712852605745,0.21314285714285372,True,153.355,0.21999999999999886
2026-02-16 07:00:00+00:00,153.343,hold,0.536922727269764,35.509126853623115,0.19692857142856976,True,153.462,0.11899999999999977
2026-02-16 08:00:00+00:00,153.342,hold,0.5425677139991675,36.83572860652912,0.1946428571428547,True,153.489,0.14699999999999136
2026-02-16 09:00:00+00:00,153.57,hold,0.5331447613635044,38.02309175285541,0.2083571428571389,True,153.469,-0.10099999999999909
2026-02-16 10:00:00+00:00,153.524,hold,0.5331447613635044,38.375427732961136,0.20757142857142494,True,153.505,-0.019000000000005457
2026-02-16 11:00:00+00:00,153.37,hold,0.5393850114381933,38.18308664993858,0.20271428571428324,True,153.483,0.11299999999999955
2026-02-16 12:00:00+00:00,153.372,buy,0.5691516754068839,36.719114679893416,0.200571428571426,True,153.415,0.042999999999977945
2026-02-16 13:00:00+00:00,153.334,hold,0.5425677139991675,36.31445197268692,0.19107142857142737,True,153.424,0.09000000000000341
2026-02-16 14:00:00+00:00,153.355,hold,0.5425677139991675,36.10509683091001,0.17607142857142882,True,153.429,0.07400000000001228
2026-02-16 15:00:00+00:00,153.462,hold,0.536333516821312,36.35824166128621,0.17471428571428557,True,153.545,0.08299999999999841
2026-02-16 16:00:00+00:00,153.489,hold,0.536333516821312,37.578972675627305,0.17650000000000027,True,153.184,-0.3050000000000068
2026-02-16 17:00:00+00:00,153.469,hold,0.536333516821312,38.7997036899684,0.1767857142857159,True,153.145,-0.32399999999998386
2026-02-16 18:00:00+00:00,153.505,hold,0.5326089159380637,41.15675555799611,0.16264285714286025,True,153.134,-0.3710000000000093
2026-02-16 19:00:00+00:00,153.483,hold,0.5326089159380637,42.84141598482182,0.15957142857143122,True,153.177,-0.3060000000000116
2026-02-16 20:00:00+00:00,153.415,hold,0.5240697645347873,44.71354959071427,0.15742857142857197,True,153.086,-0.3289999999999793
2026-02-16 21:00:00+00:00,153.424,hold,0.5326788138229614,43.84325857774697,0.14207142857142888,True,152.955,-0.4689999999999941
2026-02-16 22:00:00+00:00,153.429,hold,0.5364961273797146,40.85039083368356,0.12850000000000047,True,152.957,-0.4720000000000084
2026-02-16 23:00:00+00:00,153.545,hold,0.5402164926918218,38.575563849173285,0.12821428571428686,True,153.083,-0.4619999999999891
2026-02-17 00:00:00+00:00,153.184,hold,0.49248143870008365,35.06428611226368,0.14978571428571488,True,152.722,-0.4619999999999891
2026-02-17 01:00:00+00:00,153.145,hold,0.49248143870008365,31.27156615437801,0.1548571428571433,True,152.897,-0.24800000000001887
2026-02-17 02:00:00+00:00,153.134,hold,0.5067914173493332,26.884855846574876,0.1631428571428586,True,152.992,-0.1419999999999959
2026-02-17 03:00:00+00:00,153.177,hold,0.5124354616629998,23.435362505249877,0.16350000000000112,False,153.129,-0.04800000000000182
2026-02-17 04:00:00+00:00,153.086,hold,0.5143692242845991,20.91842743727134,0.1700714285714286,False,153.064,-0.02200000000001978
2026-02-17 05:00:00+00:00,152.955,hold,0.5143692242845991,19.29633815347261,0.17528571428571485,False,153.276,0.32099999999999795
2026-02-17 06:00:00+00:00,152.957,hold,0.5365170332943682,18.38782749851176,0.17228571428571474,False,153.453,0.4960000000000093
2026-02-17 07:00:00+00:00,153.083,hold,0.5124354616629998,16.348485200548797,0.18478571428571552,False,153.795,0.7119999999999891
2026-02-17 08:00:00+00:00,152.722,hold,0.5253623565163941,15.432829217509552,0.21292857142857105,False,153.567,0.8449999999999989
2026-02-17 09:00:00+00:00,152.897,hold,0.5255371184076365,14.636135874736834,0.22621428571428379,False,153.47,0.5730000000000075
2026-02-17 10:00:00+00:00,152.992,hold,0.5210279533916176,12.777494719017858,0.23549999999999777,False,153.354,0.3620000000000232
2026-02-17 11:00:00+00:00,153.129,hold,0.5210279533916176,11.670897785447583,0.24892857142857036,False,153.253,0.12399999999999523
2026-02-17 12:00:00+00:00,153.064,hold,0.5201445547070163,11.477393567395294,0.2539999999999988,False,153.195,0.13100000000000023
2026-02-17 13:00:00+00:00,153.276,hold,0.5271296904743914,10.240859944193437,0.257714285714286,False,153.197,-0.07900000000000773
2026-02-17 14:00:00+00:00,153.453,hold,0.532814602693184,11.792573644866609,0.24642857142857263,False,153.184,-0.26900000000000546
2026-02-17 15:00:00+00:00,153.795,hold,0.5162608268428718,15.145526111119596,0.26099999999999973,False,153.117,-0.6779999999999973
2026-02-17 16:00:00+00:00,153.567,hold,0.5248996774643898,19.24842451427509,0.2711428571428546,False,153.229,-0.33799999999999386
2026-02-17 17:00:00+00:00,153.47,hold,0.5323520752612629,22.64760305883471,0.27042857142856747,False,153.442,-0.027999999999991587
2026-02-17 18:00:00+00:00,153.354,hold,0.5323520752612629,25.51487288432445,0.26635714285713974,True,153.517,0.1629999999999825
2026-02-17 19:00:00+00:00,153.253,hold,0.5302275287622997,27.42410883264277,0.2602857142857106,True,153.602,0.34900000000001796
2026-02-17 20:00:00+00:00,153.195,hold,0.5220312078116844,28.049882653142685,0.26228571428571,True,153.598,0.40300000000002
2026-02-17 21:00:00+00:00,153.197,hold,0.5213159606594986,29.321783001935184,0.24764285714285197,True,153.458,0.2609999999999957
2026-02-17 22:00:00+00:00,153.184,hold,0.5230682894276915,30.66694852908667,0.2209999999999955,True,153.421,0.23699999999999477
2026-02-17 23:00:00+00:00,153.117,hold,0.5230682894276915,32.275020232561175,0.21821428571428214,True,153.67,0.5529999999999973
2026-02-18 00:00:00+00:00,153.229,hold,0.5220869023612835,34.72397446388471,0.217571428571426,True,153.719,0.4899999999999807
2026-02-18 01:00:00+00:00,153.442,hold,0.5324076443980665,37.648425811268226,0.21835714285713795,True,153.726,0.2839999999999918
2026-02-18 02:00:00+00:00,153.517,hold,0.5372495302329464,41.03037437141696,0.22807142857142335,True,153.81,0.29300000000000637
2026-02-18 03:00:00+00:00,153.602,hold,0.5365687518508017,43.87887811926579,0.21171428571427953,True,153.709,0.10699999999999932
2026-02-18 04:00:00+00:00,153.598,hold,0.5365687518508017,44.491383662964346,0.2007857142857087,True,153.681,0.08299999999999841
2026-02-18 05:00:00+00:00,153.458,hold,0.533582042891609,41.24558675000966,0.1786428571428534,True,153.941,0.4830000000000041
2026-02-18 06:00:00+00:00,153.421,hold,0.533582042891609,37.17189583802519,0.16385714285714162,True,154.381,0.960000000000008
2026-02-18 07:00:00+00:00,153.67,hold,0.5331940780714757,34.70019762437165,0.17449999999999882,True,154.282,0.6120000000000232
2026-02-18 08:00:00+00:00,153.719,hold,0.531032893038079,34.62629753761815,0.17728571428571221,True,154.452,0.7330000000000041
2026-02-18 09:00:00+00:00,153.726,hold,0.531032893038079,35.19463334197676,0.17657142857142713,True,154.531,0.8050000000000068
2026-02-18 10:00:00+00:00,153.81,hold,0.5204306300734121,37.07776138730753,0.17699999999999858,True,154.741,0.9310000000000116
2026-02-18 11:00:00+00:00,153.709,hold,0.5372495302329464,39.08946481551568,0.1829285714285699,True,154.721,1.0120000000000005
2026-02-18 12:00:00+00:00,153.681,hold,0.5372495302329464,39.69331971506228,0.19478571428571254,True,154.723,1.0420000000000016
2026-02-18 13:00:00+00:00,153.941,hold,0.5236286330534722,40.01746403550548,0.20364285714285504,True,154.716,0.7750000000000057
2026-02-18 14:00:00+00:00,154.381,hold,0.5167115170682354,42.05387479720791,0.22435714285714223,True,154.664,0.28299999999998704
2026-02-18 15:00:00+00:00,154.282,hold,0.5194823248168009,43.62316592511972,0.22049999999999922,True,154.671,0.3889999999999816
2026-02-18 16:00:00+00:00,154.452,hold,0.5194823248168009,44.23853817696549,0.21992857142856995,True,154.733,0.2810000000000059
2026-02-18 17:00:00+00:00,154.531,hold,0.5287701808546089,45.59515004562028,0.22385714285714187,True,154.949,0.41800000000000637
2026-02-18 18:00:00+00:00,154.741,hold,0.5287701808546089,47.62190484463556,0.23535714285714196,True,154.998,0.2569999999999766
2026-02-18 19:00:00+00:00,154.721,hold,0.5157094375426603,51.03153018042457,0.2633571428571417,True,155.139,0.41800000000000637
2026-02-18 20:00:00+00:00,154.723,hold,0.5264354397893125,55.10252641415373,0.26235714285714096,True,155.118,0.3949999999999818
2026-02-18 21:00:00+00:00,154.716,hold,0.5232674715490724,57.341835720021514,0.24678571428571314,True,155.303,0.5869999999999891
2026-02-18 22:00:00+00:00,154.664,hold,0.5307225823970524,57.7794808150069,0.23621428571428485,True,155.072,0.40800000000001546
2026-02-18 23:00:00+00:00,154.671,hold,0.5348536559604102,57.61288062983486,0.23707142857142774,True,154.976,0.3050000000000068
2026-02-19 00:00:00+00:00,154.733,hold,0.528597188340526,56.30433580953587,0.24099999999999966,True,154.813,0.07999999999998408
2026-02-19 01:00:00+00:00,154.949,hold,0.5299389074227517,55.96654941009094,0.2529285714285712,True,154.808,-0.14100000000001955
2026-02-19 02:00:00+00:00,154.998,hold,0.5299389074227517,57.31259598742917,0.2559999999999982,True,154.705,-0.29299999999997794
2026-02-19 03:00:00+00:00,155.139,hold,0.5292567976662432,58.59362725630456,0.2554999999999999,True,154.624,-0.5150000000000148
2026-02-19 04:00:00+00:00,155.118,hold,0.533263813414668,57.896249792788694,0.2317142857142857,True,154.801,-0.3170000000000073
2026-02-19 05:00:00+00:00,155.303,hold,0.5196304954507501,57.514075438325754,0.23407142857142965,True,154.915,-0.38800000000000523
2026-02-19 06:00:00+00:00,155.072,hold,0.5372495302329464,56.16689719284278,0.2429285714285742,True,155.214,0.1419999999999959
2026-02-19 07:00:00+00:00,154.976,hold,0.5279439732593741,53.90747595120924,0.2477857142857179,True,154.998,0.02199999999999136
2026-02-19 08:00:00+00:00,154.813,hold,0.4983065241827008,49.346784619856194,0.25107142857143167,True,154.965,0.15200000000001523
2026-02-19 09:00:00+00:00,154.808,hold,0.4913166530951752,46.74680723377946,0.2275000000000022,True,155.019,0.21100000000001273
2026-02-19 10:00:00+00:00,154.705,hold,0.4913166530951752,43.089761277137164,0.232285714285717,True,154.874,0.16899999999998272
2026-02-19 11:00:00+00:00,154.624,hold,0.4897408233581081,39.430560491194264,0.23742857142857435,True,155.081,0.45699999999999363
2026-02-19 12:00:00+00:00,154.801,hold,0.4897408233581081,36.83360256543769,0.25228571428571706,True,154.99,0.18900000000002137
2026-02-19 13:00:00+00:00,154.915,hold,0.4983065241827008,34.808724542557464,0.25807142857143056,True,154.91,-0.0049999999999954525
2026-02-19 14:00:00+00:00,155.214,hold,0.5395251640056569,33.45691518260183,0.27042857142857357,True,154.886,-0.32800000000000296
2026-02-19 15:00:00+00:00,154.998,hold,0.5018094168596479,30.98132712157761,0.2690714285714303,True,155.183,0.18500000000000227
2026-02-19 16:00:00+00:00,154.965,hold,0.5082850232363407,26.870520664263303,0.2591428571428602,True,155.068,0.10300000000000864
2026-02-19 17:00:00+00:00,155.019,hold,0.5286649444640612,22.008881660437766,0.2439285714285749,False,155.142,0.12299999999999045
2026-02-19 18:00:00+00:00,154.874,hold,0.5091927176811684,18.67241411114188,0.24421428571428855,False,155.2,0.3259999999999934
2026-02-19 19:00:00+00:00,155.081,hold,0.5109213481557322,14.844270057944398,0.25014285714285983,False,155.142,0.06100000000000705
2026-02-19 20:00:00+00:00,154.99,hold,0.49474080871275705,12.275615981280902,0.2345000000000011,False,155.207,0.21699999999998454
2026-02-19 21:00:00+00:00,154.91,hold,0.5091927176811684,10.097086302712267,0.22664285714285728,False,155.291,0.3810000000000002
2026-02-19 22:00:00+00:00,154.886,hold,0.512384892121203,10.802600706004412,0.21542857142857283,False,155.161,0.2750000000000057
2026-02-19 23:00:00+00:00,155.183,hold,0.5100793550617597,11.56786643992186,0.22300000000000303,False,155.496,0.3130000000000166
2026-02-20 00:00:00+00:00,155.068,hold,0.5084252803896129,13.737161140416505,0.23371428571428712,False,155.55,0.4819999999999993
2026-02-20 01:00:00+00:00,155.142,hold,0.5038336630582864,17.25661182429113,0.24764285714285808,False,155.393,0.2510000000000048
2026-02-20 02:00:00+00:00,155.2,hold,0.5312547401277302,19.848318301124838,0.2411428571428575,False,155.177,-0.022999999999996135
2026-02-20 03:00:00+00:00,155.142,hold,0.5312547401277302,20.90390407611717,0.23171428571428773,False,155.223,0.08100000000001728
2026-02-20 04:00:00+00:00,155.207,hold,0.5309015662007408,19.73081004307628,0.21464285714285886,False,155.249,0.04200000000000159
2026-02-20 05:00:00+00:00,155.291,hold,0.5188499688009753,19.968273416995967,0.20628571428571668,False,155.416,0.125
2026-02-20 06:00:00+00:00,155.161,hold,0.5296685535455996,21.674904449800543,0.21164285714286077,False,155.397,0.23599999999999
2026-02-20 07:00:00+00:00,155.496,hold,0.5201108785163608,22.197717745512985,0.24364285714285927,False,154.853,-0.6430000000000007
2026-02-20 08:00:00+00:00,155.55,hold,0.5201108785163608,23.2297119903351,0.25107142857143167,False,154.987,-0.5630000000000166
2026-02-20 09:00:00+00:00,155.393,hold,0.5412598905650212,24.373348365530568,0.24900000000000336,False,154.995,-0.39799999999999613
2026-02-20 10:00:00+00:00,155.177,hold,0.5406786017464554,24.137813046985894,0.25735714285714756,False,155.022,-0.15500000000000114
2026-02-20 11:00:00+00:00,155.223,hold,0.5332552880951535,24.566904926549444,0.2572857142857186,False,155.127,-0.09600000000000364
2026-02-20 12:00:00+00:00,155.249,hold,0.5070556051746034,24.78285094962369,0.2559285714285754,False,154.911,-0.33799999999999386
2026-02-20 13:00:00+00:00,155.416,hold,0.5309614462423022,24.09993206346602,0.2611428571428616,False,154.836,-0.5799999999999841
2026-02-20 14:00:00+00:00,155.397,hold,0.5381146362461333,22.3086302079243,0.24942857142857683,False,154.332,-1.0649999999999977
2026-02-20 15:00:00+00:00,154.853,hold,0.5379414827982101,22.282117831202633,0.2787857142857198,False,154.057,-0.7960000000000207
2026-02-20 16:00:00+00:00,154.987,hold,0.5335829716518915,22.628229767062717,0.29307142857143526,False,154.214,-0.7729999999999961
2026-02-20 17:00:00+00:00,154.995,hold,0.5335829716518915,23.129224797405463,0.3039285714285772,False,154.214,-0.7810000000000059
2026-02-20 18:00:00+00:00,155.022,hold,0.5181627692965628,25.42494947892798,0.31228571428571933,True,154.257,-0.7649999999999864
2026-02-20 19:00:00+00:00,155.127,hold,0.5188647978298735,27.025305683484444,0.3142857142857188,True,154.392,-0.7350000000000136
2026-02-20 20:00:00+00:00,154.911,hold,0.5232379551452481,28.0429686251801,0.3176428571428614,True,154.436,-0.4749999999999943
2026-02-22 22:00:00+00:00,154.836,hold,0.5207969067416657,30.672936647107928,0.28557142857143397,True,154.467,-0.3689999999999998
2026-02-22 23:00:00+00:00,154.332,hold,0.5238123068337392,33.41620521286179,0.3041428571428619,True,154.48,0.14799999999999613
2026-02-23 00:00:00+00:00,154.057,buy,0.5579187779354172,36.9512073777047,0.3145714285714344,True,154.718,0.6610000000000014
2026-02-23 01:00:00+00:00,154.214,hold,0.5439562518647283,41.79522157305689,0.3153571428571484,True,154.809,0.5949999999999989
2026-02-23 02:00:00+00:00,154.214,hold,0.5439562518647283,46.21967654135755,0.31907142857143356,True,154.789,0.5749999999999886
2026-02-23 03:00:00+00:00,154.257,hold,0.5381999687429604,49.4137923892966,0.3243571428571467,True,154.922,0.664999999999992
2026-02-23 04:00:00+00:00,154.392,hold,0.5442765538254061,52.238441842194284,0.3114285714285724,True,154.9,0.5080000000000098
2026-02-23 05:00:00+00:00,154.436,hold,0.5239226282910973,55.660850617300284,0.30600000000000144,True,154.618,0.18199999999998795
2026-02-23 06:00:00+00:00,154.467,hold,0.5300230277965458,55.73831911072813,0.2710714285714297,True,154.546,0.07899999999997931
2026-02-23 07:00:00+00:00,154.48,hold,0.5264291870345803,54.917926528883314,0.25457142857142806,True,154.426,-0.054000000000002046
2026-02-23 08:00:00+00:00,154.718,hold,0.5242166525244478,54.41202303703564,0.2586428571428558,True,154.299,-0.4189999999999827
2026-02-23 09:00:00+00:00,154.809,hold,0.5242166525244478,52.93782106361544,0.2566428571428564,True,154.389,-0.4199999999999875
2026-02-23 10:00:00+00:00,154.789,hold,0.5242166525244478,51.63888998846569,0.2508571428571429,True,154.494,-0.2949999999999875
2026-02-23 11:00:00+00:00,154.922,hold,0.5242166525244478,49.73466318999176,0.24478571428571375,True,154.616,-0.3059999999999832
2026-02-23 12:00:00+00:00,154.9,hold,0.5242166525244478,47.29124134078527,0.2509285714285698,True,154.617,-0.28300000000001546
2026-02-23 13:00:00+00:00,154.618,hold,0.5320971251451717,42.769519953214726,0.23828571428571316,True,154.57,-0.04800000000000182
2026-02-23 14:00:00+00:00,154.546,hold,0.5487477031762485,39.05698862077385,0.22814285714285631,True,154.535,-0.01099999999999568
2026-02-23 15:00:00+00:00,154.426,buy,0.5519194547856051,34.67265409069593,0.22199999999999825,True,154.648,0.2220000000000084
2026-02-23 16:00:00+00:00,154.299,hold,0.530072474661374,29.91992726772898,0.22207142857142717,True,154.865,0.5660000000000025
2026-02-23 17:00:00+00:00,154.389,buy,0.5535099035790967,26.504212613285286,0.220642857142855,True,154.97,0.5809999999999889
2026-02-23 18:00:00+00:00,154.494,hold,0.5406066618970222,22.588714688362646,0.2230714285714279,False,154.911,0.4170000000000016
2026-02-23 19:00:00+00:00,154.616,hold,0.5406066618970222,18.34491811570847,0.22885714285714137,False,155.116,0.5
2026-02-23 20:00:00+00:00,154.617,hold,0.5406066618970222,15.771306727507579,0.2184285714285689,False,155.243,0.6260000000000048
2026-02-23 21:00:00+00:00,154.57,hold,0.536604881208386,13.27144618441179,0.2167142857142831,False,155.165,0.5949999999999989
2026-02-23 22:00:00+00:00,154.535,hold,0.536604881208386,11.778646120474907,0.19957142857142532,False,154.974,0.43899999999999295
2026-02-23 23:00:00+00:00,154.648,hold,0.5398989700960762,10.786962537540495,0.19907142857142496,False,156.097,1.4490000000000123
2026-02-24 00:00:00+00:00,154.865,hold,0.5283421212351258,8.749998428392951,0.20678571428570894,False,155.948,1.0829999999999984
2026-02-24 01:00:00+00:00,154.97,hold,0.5209337038774374,8.117801117809824,0.21371428571427892,False,155.854,0.8840000000000146
2026-02-24 02:00:00+00:00,154.911,hold,0.5345631644485592,7.869395968093479,0.21657142857142123,False,155.891,0.9799999999999898
2026-02-24 03:00:00+00:00,155.116,hold,0.5187110547888341,10.133715864012684,0.20742857142856305,False,155.881,0.7649999999999864
2026-02-24 04:00:00+00:00,155.243,hold,0.5187110547888341,11.844921460597359,0.20464285714284763,False,155.882,0.63900000000001
2026-02-24 05:00:00+00:00,155.165,hold,0.5216291370529162,15.907436920209841,0.20049999999999102,False,156.056,0.8910000000000196
2026-02-24 06:00:00+00:00,154.974,hold,0.5345631644485592,19.400307489528444,0.20171428571427644,False,155.972,0.9980000000000189
2026-02-24 07:00:00+00:00,156.097,hold,0.5271540735848549,23.849570293630006,0.2751428571428493,False,155.911,-0.18600000000000705
2026-02-24 08:00:00+00:00,155.948,hold,0.5271540735848549,28.954203076429568,0.2834999999999915,True,155.663,-0.2849999999999966
2026-02-24 09:00:00+00:00,155.854,hold,0.5337614693755065,33.227323961149786,0.2879285714285637,True,155.755,-0.09900000000001796
2026-02-24 10:00:00+00:00,155.891,hold,0.5134783745471372,36.48893868455848,0.2926428571428496,True,155.777,-0.11400000000000432
2026-02-24 11:00:00+00:00,155.881,hold,0.5208960495280813,40.307654107863456,0.3027857142857085,True,155.779,-0.10200000000000387
2026-02-24 12:00:00+00:00,155.882,hold,0.5329561291050865,43.84658945207905,0.310142857142852,True,155.787,-0.09499999999999886
2026-02-24 13:00:00+00:00,156.056,hold,0.5307898412491359,47.572533996890925,0.31649999999999473,True,155.805,-0.2510000000000048
2026-02-24 14:00:00+00:00,155.972,hold,0.5332468650282668,51.84277875312049,0.317071428571424,True,155.736,-0.23600000000001842
2026-02-24 15:00:00+00:00,155.911,hold,0.5337911052945735,54.28355443235928,0.317071428571424,True,155.895,-0.015999999999991132
2026-02-24 16:00:00+00:00,155.663,hold,0.5337911052945735,56.0380389854369,0.32521428571428146,True,155.668,0.0049999999999954525
2026-02-24 17:00:00+00:00,155.755,hold,0.5308657629760872,56.00527943649813,0.3181428571428536,True,155.776,0.021000000000015007
2026-02-24 18:00:00+00:00,155.777,hold,0.5213788669347661,54.847139470693755,0.3091428571428533,True,155.462,-0.3149999999999977
2026-02-24 19:00:00+00:00,155.779,hold,0.5293794381036875,52.18707579895689,0.30699999999999605,True,155.823,0.04400000000001114
2026-02-24 20:00:00+00:00,155.787,hold,0.5113774705455784,51.18616242618115,0.3034999999999976,True,155.734,-0.05299999999999727
2026-02-24 21:00:00+00:00,155.805,hold,0.5023647406264289,47.597375482555925,0.22228571428570984,True,155.596,-0.20900000000000318
2026-02-24 22:00:00+00:00,155.736,hold,0.5019913762903425,45.44934793842491,0.20364285714285504,True,155.712,-0.02400000000000091
2026-02-24 23:00:00+00:00,155.895,hold,0.5045507877480668,42.314319286978034,0.19942857142856749,True,155.921,0.025999999999982037
2026-02-25 00:00:00+00:00,155.668,hold,0.5047183844931776,38.40033004909543,0.20957142857142433,True,156.295,0.6269999999999811
2026-02-25 01:00:00+00:00,155.776,hold,0.5117650419280692,34.46894934654481,0.20599999999999494,True,156.557,0.7809999999999775
2026-02-25 02:00:00+00:00,155.462,hold,0.5136989401595162,32.10897532043904,0.2217857142857095,True,156.77,1.3080000000000211
2026-02-25 03:00:00+00:00,155.823,hold,0.4923942248598253,28.56954269407932,0.2487142857142816,True,156.794,0.9710000000000036
2026-02-25 04:00:00+00:00,155.734,hold,0.49635681405926196,25.689061100117158,0.25507142857142434,True,156.682,0.9479999999999791
2026-02-25 05:00:00+00:00,155.596,hold,0.5111147706090082,23.859880523917372,0.2505714285714252,False,156.694,1.0979999999999848
2026-02-25 06:00:00+00:00,155.712,hold,0.5039289104119331,22.058407707251767,0.24457142857142702,False,156.612,0.9000000000000057
2026-02-25 07:00:00+00:00,155.921,hold,0.503735405356402,20.11450122839097,0.2503571428571405,False,156.367,0.44599999999999795
2026-02-25 08:00:00+00:00,156.295,hold,0.5184297640844074,20.19055689090631,0.27014285714285585,False,156.303,0.008000000000009777
2026-02-25 09:00:00+00:00,156.557,hold,0.515125292342413,21.194678178560487,0.2882142857142855,False,156.326,-0.23099999999999454
2026-02-25 10:00:00+00:00,156.77,hold,0.5178967092011656,22.009873723801462,0.2926428571428557,False,156.397,-0.37300000000001887
2026-02-25 11:00:00+00:00,156.794,hold,0.5163613767323022,23.778582884707003,0.29328571428571387,False,156.443,-0.3509999999999991
2026-02-25 12:00:00+00:00,156.682,hold,0.5192805024222463,24.077531977913377,0.2956428571428558,False,156.351,-0.33099999999998886
2026-02-25 13:00:00+00:00,156.694,hold,0.5239186289170014,25.761171624794493,0.2936428571428585,True,156.27,-0.42399999999997817
2026-02-25 14:00:00+00:00,156.612,hold,0.5313726764708726,27.33533698880787,0.29271428571428665,True,156.218,-0.39400000000000546
2026-02-25 15:00:00+00:00,156.367,hold,0.5292476151152073,28.799568898511033,0.29685714285714326,True,156.157,-0.20999999999997954
2026-02-25 16:00:00+00:00,156.303,hold,0.5304546043687881,29.22290122083671,0.2796428571428586,True,155.99,-0.3129999999999882
2026-02-25 17:00:00+00:00,156.326,hold,0.5292358136742176,29.862494178082102,0.23942857142857374,True,155.828,-0.49799999999999045
2026-02-25 18:00:00+00:00,156.397,hold,0.5064095085989718,30.082038594078682,0.22421428571428845,True,155.937,-0.45999999999997954
2026-02-25 19:00:00+00:00,156.443,hold,0.5064095085989718,31.23425092900795,0.22050000000000328,True,155.939,-0.5040000000000191
2026-02-25 20:00:00+00:00,156.351,hold,0.5071182954187591,33.12223198220686,0.2147142857142898,True,155.9,-0.4509999999999934
2026-02-25 21:00:00+00:00,156.27,hold,0.5121526733699857,34.78704288676047,0.2069285714285769,True,155.941,-0.32900000000000773
2026-02-25 22:00:00+00:00,156.218,hold,0.4992136406258291,32.863871260932775,0.19228571428571886,True,155.981,-0.23699999999999477
2026-02-25 23:00:00+00:00,156.157,hold,0.5198108505401186,32.68837656367827,0.18071428571428985,True,156.051,-0.10600000000002296
2026-02-26 00:00:00+00:00,155.99,hold,0.5217426621269143,33.609363247250556,0.18357142857143213,True,155.999,0.00899999999998613
2026-02-26 01:00:00+00:00,155.828,hold,0.5252377596367707,35.2369133480675,0.19435714285714717,True,156.068,0.2400000000000091
2026-02-26 02:00:00+00:00,155.937,hold,0.5219402546750445,36.957704099680605,0.20535714285714693,True,155.958,0.020999999999986585
2026-02-26 03:00:00+00:00,155.939,hold,0.5194986635836127,39.096056536723644,0.20807142857143138,True,156.077,0.13800000000000523
2026-02-26 04:00:00+00:00,155.9,hold,0.5210724641839133,40.74494533519032,0.20057142857143415,True,156.073,0.17300000000000182
2026-02-26 05:00:00+00:00,155.941,hold,0.5210724641839133,42.92299680060576,0.20028571428572053,True,156.161,0.21999999999999886
2026-02-26 06:00:00+00:00,155.981,hold,0.5210724641839133,43.20419504740143,0.20092857142857667,True,155.925,-0.055999999999983174
2026-02-26 07:00:00+00:00,156.051,hold,0.5205209887537288,43.49734415867369,0.20500000000000437,True,156.04,-0.01099999999999568
2026-02-26 08:00:00+00:00,155.999,hold,0.5205209887537288,44.20809651361851,0.21407142857143363,True,156.13,0.13100000000000023
2026-02-26 09:00:00+00:00,156.068,hold,0.5063569706581554,44.915925828622115,0.21392857142857583,True,156.391,0.3229999999999791
2026-02-26 10:00:00+00:00,155.958,hold,0.5205209887537288,45.47111757953699,0.21128571428571621,True,156.384,0.4259999999999877
2026-02-26 11:00:00+00:00,156.077,hold,0.5136945794718829,46.52888286045776,0.21364285714285813,True,156.129,0.0519999999999925
2026-02-26 12:00:00+00:00,156.073,hold,0.5269418078494367,48.49775032925085,0.21242857142857272,True,156.039,-0.034000000000020236
2026-02-26 13:00:00+00:00,156.161,hold,0.5301133075097488,47.70333223966374,0.21428571428571633,True,156.039,-0.1220000000000141
2026-02-26 14:00:00+00:00,155.925,hold,0.5246445970399294,45.15499156305666,0.22478571428571772,True,156.011,0.08599999999998431
2026-02-26 15:00:00+00:00,156.04,hold,0.5246445970399294,40.88757152128917,0.22757142857143112,True,155.845,-0.19499999999999318
2026-02-26 16:00:00+00:00,156.13,hold,0.5348296619542859,36.45402040299991,0.22307142857143195,True,155.888,-0.24199999999999022
2026-02-26 17:00:00+00:00,156.391,hold,0.5204306300734121,32.871336570510984,0.22878571428571653,True,155.98,-0.41100000000000136
2026-02-26 18:00:00+00:00,156.384,hold,0.5204306300734121,30.316554225924673,0.2236428571428592,True,155.744,-0.6399999999999864
2026-02-26 19:00:00+00:00,156.129,hold,0.5396620189935561,27.615314223877895,0.22400000000000173,True,155.77,-0.35899999999998045
2026-02-26 20:00:00+00:00,156.039,hold,0.5476733134632378,25.321270558362396,0.2239285714285728,True,155.589,-0.44999999999998863
2026-02-26 21:00:00+00:00,156.039,hold,0.5424749780302157,24.87461971792777,0.21692857142857186,False,155.831,-0.2079999999999984
2026-02-26 22:00:00+00:00,156.011,hold,0.5353310047659099,23.35666215594075,0.20642857142857046,False,155.88,-0.13100000000000023
2026-02-26 23:00:00+00:00,155.845,hold,0.5338067709630371,21.630341136610447,0.20935714285714369,False,156.082,0.23699999999999477
2026-02-27 00:00:00+00:00,155.888,hold,0.5111147706090082,21.144645934314976,0.22057142857143017,False,156.135,0.24699999999998568
2026-02-27 01:00:00+00:00,155.98,hold,0.5111147706090082,20.31535510502407,0.22892857142857231,False,156.071,0.09100000000000819
2026-02-27 02:00:00+00:00,155.744,hold,0.5212214714480475,21.111030220118476,0.23449999999999907,False,155.977,0.2330000000000041
2026-02-27 03:00:00+00:00,155.77,hold,0.5347060175586795,21.954800364979786,0.22671428571428415,False,155.909,0.13899999999998158
2026-02-27 04:00:00+00:00,155.589,hold,0.5423460577496195,23.131718105177875,0.21792857142856853,False,155.891,0.3019999999999925
2026-02-27 05:00:00+00:00,155.831,hold,0.5347060175586795,25.227004913525953,0.2159285714285691,True,156.169,0.3380000000000223
2026-02-27 06:00:00+00:00,155.88,hold,0.5188647978298735,27.819414198737825,0.21171428571428155,True,156.179,0.2990000000000066
2026-02-27 07:00:00+00:00,156.082,hold,0.5318759206096725,29.273684219534744,0.2091428571428549,True,156.069,-0.01300000000000523
2026-02-27 08:00:00+00:00,156.135,hold,0.528338785878916,30.944654556572143,0.21442857142856805,True,156.055,-0.07999999999998408
2026-02-27 09:00:00+00:00,156.071,hold,0.528338785878916,31.234747270139945,0.20707142857142458,True,156.055,-0.015999999999991132
2026-02-27 10:00:00+00:00,155.977,hold,0.5254073329534293,32.044334579736486,0.20592857142856807,True,156.012,0.03499999999999659
2026-02-27 11:00:00+00:00,155.909,hold,0.5254073329534293,32.29286745486606,0.2089285714285682,True,156.017,0.10800000000000409
2026-02-27 12:00:00+00:00,155.891,hold,0.5254073329534293,33.32773895518602,0.20935714285713963,True,156.075,0.1839999999999975
2026-02-27 13:00:00+00:00,156.169,hold,0.5300908780127788,32.030619623984684,0.2150714285714242,True,156.046,-0.12300000000001887
2026-02-27 14:00:00+00:00,156.179,hold,0.5217348366595235,31.266640119139236,0.21457142857142383,True,156.62,0.4410000000000025
2026-02-27 15:00:00+00:00,156.069,hold,0.5279651675802098,30.676407457412495,0.21285714285713805,True,156.398,0.32900000000000773
2026-02-27 16:00:00+00:00,156.055,hold,0.5279651675802098,29.506786448602206,0.20799999999999638,True,156.216,0.16100000000000136
2026-02-27 17:00:00+00:00,156.055,hold,0.5365496278987059,28.26517143929206,0.21478571428571058,True,156.285,0.22999999999998977
2026-02-27 18:00:00+00:00,156.012,hold,0.5365496278987059,28.325222675255127,0.2011428571428553,True,156.32,0.3079999999999927
2026-02-27 19:00:00+00:00,156.017,hold,0.5332719193002667,27.347597753051467,0.1926428571428553,True,156.522,0.5049999999999955
2026-02-27 20:00:00+00:00,156.075,hold,0.5344274735469918,25.736322301819182,0.1924285714285706,True,156.831,0.7560000000000002
2026-03-01 22:00:00+00:00,156.046,hold,0.5345946273565703,24.54050888548875,0.20042857142857023,False,156.886,0.8400000000000034
2026-03-01 23:00:00+00:00,156.62,hold,0.5131901709041045,24.946511401346015,0.22828571428571212,False,156.979,0.35900000000000887
2026-03-02 00:00:00+00:00,156.398,hold,0.536049341970177,26.91495350594847,0.24999999999999797,True,156.975,0.5769999999999982
2026-03-02 01:00:00+00:00,156.216,hold,0.5487384570495536,29.061990746716077,0.26621428571428396,True,157.007,0.7909999999999968
2026-03-02 02:00:00+00:00,156.285,buy,0.5652166677979125,31.041149823524144,0.27592857142856936,True,156.918,0.6330000000000098
2026-03-02 03:00:00+00:00,156.32,buy,0.5619069296431602,32.92415470518023,0.28057142857142836,True,156.962,0.6419999999999959
2026-03-02 04:00:00+00:00,156.522,buy,0.555720478793482,36.33677803265679,0.280857142857142,True,157.381,0.8590000000000089
2026-03-02 05:00:00+00:00,156.831,buy,0.555720478793482,38.89971850119814,0.2834285714285727,True,157.519,0.6880000000000166
2026-03-02 06:00:00+00:00,156.886,buy,0.552021533395701,41.78366766067721,0.2792857142857161,True,157.486,0.5999999999999943
2026-03-02 07:00:00+00:00,156.979,buy,0.552021533395701,44.70216325907393,0.2775714285714323,True,157.731,0.7519999999999811
2026-03-02 08:00:00+00:00,156.975,hold,0.5214376602916063,48.25292198791474,0.2871428571428599,True,157.486,0.5109999999999957
2026-03-02 09:00:00+00:00,157.007,buy,0.552021533395701,49.719282996177476,0.2956428571428579,True,157.359,0.35200000000000387
2026-03-02 10:00:00+00:00,156.918,hold,0.5214376602916063,52.866872472780116,0.3013571428571445,True,157.375,0.45699999999999363
2026-03-02 11:00:00+00:00,156.962,hold,0.5214376602916063,56.293576964135276,0.29942857142857193,True,157.151,0.18900000000002137
2026-03-02 12:00:00+00:00,157.381,hold,0.5214376602916063,59.922669234872615,0.30599999999999944,True,157.258,-0.12299999999999045
2026-03-02 13:00:00+00:00,157.519,hold,0.5279788918101097,61.94193877979924,0.28107142857143075,True,157.282,-0.23699999999999477
2026-03-02 14:00:00+00:00,157.486,hold,0.5279788918101097,63.49408334274899,0.25800000000000367,True,157.302,-0.1839999999999975
2026-03-02 15:00:00+00:00,157.731,hold,0.538665607020398,65.90338383590147,0.24907142857143225,True,157.257,-0.47399999999998954
2026-03-02 16:00:00+00:00,157.486,hold,0.5279788918101097,67.71467895705567,0.2569285714285761,True,157.481,-0.0049999999999954525
2026-03-02 17:00:00+00:00,157.359,hold,0.5342278676101931,69.21463045778899,0.25521428571429033,True,157.287,-0.07200000000000273
2026-03-02 18:00:00+00:00,157.375,hold,0.5342278676101931,70.35959548605406,0.2455000000000049,True,157.249,-0.12600000000000477
2026-03-02 19:00:00+00:00,157.151,hold,0.5351001257201418,69.14307187686218,0.2399285714285741,True,157.282,0.13100000000000023
2026-03-02 20:00:00+00:00,157.258,hold,0.5369451686792381,67.56329811552455,0.2529285714285732,True,157.396,0.1379999999999768
2026-03-02 21:00:00+00:00,157.282,hold,0.5102963284435621,65.88536921321908,0.2504285714285735,True,157.394,0.11199999999999477
2026-03-02 22:00:00+00:00,157.302,hold,0.5183337583959806,63.0763733943655,0.23485714285714568,True,157.221,-0.08099999999998886
2026-03-02 23:00:00+00:00,157.257,hold,0.5183337583959806,61.3713586586283,0.23050000000000434,True,157.409,0.1519999999999868
2026-03-03 00:00:00+00:00,157.481,hold,0.514877948531305,59.562244843384256,0.2378571428571458,True,157.511,0.030000000000001137
2026-03-03 01:00:00+00:00,157.287,hold,0.5089479751775914,58.00823089963508,0.25000000000000405,True,157.671,0.38399999999998613
2026-03-03 02:00:00+00:00,157.249,hold,0.5089479751775914,54.28291505551671,0.23350000000000445,True,157.837,0.5879999999999939
2026-03-03 03:00:00+00:00,157.282,hold,0.5136147316282059,49.72283661593845,0.2286428571428587,True,157.681,0.3990000000000009
2026-03-03 04:00:00+00:00,157.396,hold,0.5045507877480668,45.5295242109327,0.23328571428571568,True,157.641,0.24500000000000455
2026-03-03 05:00:00+00:00,157.394,hold,0.5045507877480668,39.93473587149009,0.22621428571428584,True,157.803,0.4089999999999918
2026-03-03 06:00:00+00:00,157.221,hold,0.49909823921753554,34.553618759460875,0.21900000000000017,True,157.715,0.4939999999999998
2026-03-03 07:00:00+00:00,157.409,hold,0.5004682425077456,29.387575803619058,0.22949999999999957,True,157.842,0.43300000000002115
2026-03-03 08:00:00+00:00,157.511,hold,0.5110254827302819,25.208226405491978,0.23792857142857063,True,157.696,0.18500000000000227
2026-03-03 09:00:00+00:00,157.671,hold,0.5220259801747678,25.87351394739786,0.24514285714285627,True,157.834,0.16300000000001091
2026-03-03 10:00:00+00:00,157.837,hold,0.5192569638591582,26.34092666944664,0.2357142857142845,True,157.65,-0.1869999999999834
2026-03-03 11:00:00+00:00,157.681,hold,0.522857905452272,27.26544307887295,0.2484999999999969,True,157.666,-0.01500000000001478
2026-03-03 12:00:00+00:00,157.641,hold,0.5351728506134545,27.218176149095708,0.25828571428571123,True,157.568,-0.07299999999997908
2026-03-03 13:00:00+00:00,157.803,hold,0.522857905452272,27.118329467528415,0.26114285714285146,True,157.634,-0.16900000000001114
2026-03-03 14:00:00+00:00,157.715,hold,0.5364813324194014,26.30374408270608,0.25528571428570906,True,157.482,-0.2330000000000041
2026-03-03 15:00:00+00:00,157.842,hold,0.522857905452272,24.081158002390797,0.25514285714285123,False,157.752,-0.09000000000000341
2026-03-03 16:00:00+00:00,157.696,hold,0.5273067316124407,24.64835858244492,0.26228571428570796,False,157.539,-0.1570000000000107
2026-03-03 17:00:00+00:00,157.834,hold,0.5294327644001333,26.23649633097734,0.26249999999999674,True,157.589,-0.24500000000000455
2026-03-03 18:00:00+00:00,157.65,hold,0.5284659886189434,26.27403698393393,0.27121428571428147,True,157.599,-0.051000000000016144
2026-03-03 19:00:00+00:00,157.666,hold,0.5081014598211577,26.458080310311693,0.28457142857142514,True,157.407,-0.25899999999998613
2026-03-03 20:00:00+00:00,157.568,hold,0.49542273305189427,27.294643214008374,0.277714285714282,True,157.375,-0.19300000000001205
2026-03-03 21:00:00+00:00,157.634,hold,0.49542273305189427,28.4518607891362,0.2647142857142829,True,157.566,-0.06799999999998363
2026-03-03 22:00:00+00:00,157.482,hold,0.5255343400032864,28.20135300308376,0.2652857142857122,True,157.433,-0.049000000000006594
2026-03-03 23:00:00+00:00,157.752,hold,0.4943782001423585,25.66217064965528,0.2618571428571406,True,157.461,-0.2909999999999968
2026-03-04 00:00:00+00:00,157.539,hold,0.5111147706090082,23.07209630093079,0.27121428571428347,False,157.402,-0.13700000000000045
2026-03-04 01:00:00+00:00,157.589,hold,0.4955095180661213,20.9438694727011,0.26614285714285507,False,157.199,-0.38999999999998636
2026-03-04 02:00:00+00:00,157.599,hold,0.49431993259833923,19.753324637209307,0.2567857142857122,False,157.281,-0.31799999999998363
2026-03-04 03:00:00+00:00,157.407,hold,0.5265022053623298,19.13200597166871,0.26178571428571373,False,157.218,-0.18900000000002137
2026-03-04 04:00:00+00:00,157.375,hold,0.5287985017154626,20.687353385359916,0.26228571428571407,False,157.311,-0.06399999999999295
2026-03-04 05:00:00+00:00,157.566,hold,0.5287985017154626,21.21322446990711,0.25978571428571434,False,157.295,-0.271000000000015
2026-03-04 06:00:00+00:00,157.433,hold,0.5194685292581492,20.824994297039357,0.25707142857142984,False,157.255,-0.17799999999999727
2026-03-04 07:00:00+00:00,157.461,hold,0.5181627692965628,20.945164197744266,0.2597857142857123,False,157.119,-0.34200000000001296
2026-03-04 08:00:00+00:00,157.402,hold,0.5181627692965628,21.285587510798642,0.2552857142857131,False,156.939,-0.46299999999999386
2026-03-04 09:00:00+00:00,157.199,hold,0.5307267979542734,22.514489327935816,0.2572142857142857,False,156.974,-0.22500000000002274
2026-03-04 10:00:00+00:00,157.281,hold,0.5181627692965628,24.161461761004073,0.2779999999999997,False,157.162,-0.11899999999999977
2026-03-04 11:00:00+00:00,157.218,hold,0.5318506872093562,25.301642373685095,0.2892857142857131,True,157.004,-0.21399999999999864
2026-03-04 12:00:00+00:00,157.311,hold,0.514066845324944,26.664108100464485,0.29021428571428487,True,156.996,-0.3149999999999977
2026-03-04 13:00:00+00:00,157.295,hold,0.5151941869052692,28.35066774525954,0.28492857142857175,True,156.963,-0.33199999999999363
2026-03-04 14:00:00+00:00,157.255,hold,0.5151941869052692,30.33944584571666,0.270071428571429,True,156.925,-0.3299999999999841
2026-03-04 15:00:00+00:00,157.119,hold,0.5171273182998296,31.877707077109278,0.27449999999999924,True,156.966,-0.1529999999999916
2026-03-04 16:00:00+00:00,156.939,hold,0.520625154742953,34.39197990567113,0.2809999999999998,True,156.569,-0.37000000000000455
2026-03-04 17:00:00+00:00,156.974,hold,0.520625154742953,35.66720932994553,0.2724285714285709,True,156.764,-0.20999999999997954
2026-03-04 18:00:00+00:00,157.162,hold,0.5166466267196163,33.47952295067592,0.26885714285714357,True,156.951,-0.21100000000001273
2026-03-04 19:00:00+00:00,157.004,hold,0.5272534904612693,35.04165986009429,0.2626428571428586,True,156.99,-0.013999999999981583
2026-03-04 20:00:00+00:00,156.996,hold,0.5272534904612693,36.99177744392703,0.2536428571428583,True,157.12,0.12399999999999523
2026-03-04 21:00:00+00:00,156.963,hold,0.520625154742953,38.11414173101769,0.24471428571428686,True,157.191,0.22800000000000864
2026-03-04 22:00:00+00:00,156.925,hold,0.522198659196735,40.932780036427914,0.23057142857142918,True,157.039,0.1139999999999759
2026-03-04 23:00:00+00:00,156.966,hold,0.5216472900830289,41.749562360747746,0.21699999999999875,True,157.259,0.29299999999997794
2026-03-05 00:00:00+00:00,156.569,hold,0.5246390846409565,42.244388769932065,0.21642857142856947,True,157.276,0.707000000000022
2026-03-05 01:00:00+00:00,156.764,hold,0.5270723272542669,43.375221985038,0.21921428571428286,True,157.156,0.3919999999999959
2026-03-05 02:00:00+00:00,156.951,hold,0.5222758630014908,43.41820774901811,0.21528571428571094,True,157.291,0.3400000000000034
2026-03-05 03:00:00+00:00,156.99,hold,0.5213613270035761,41.731822743766905,0.21221428571428191,True,157.348,0.3580000000000041
2026-03-05 04:00:00+00:00,157.12,hold,0.535331787803344,40.22531833126346,0.21157142857142577,True,157.442,0.32200000000000273
2026-03-05 05:00:00+00:00,157.191,hold,0.535331787803344,37.335406144499714,0.2079999999999984,True,157.761,0.5699999999999932
2026-03-05 06:00:00+00:00,157.039,hold,0.5178214752031852,34.82255573629491,0.21271428571428228,True,157.566,0.5270000000000152
2026-03-05 07:00:00+00:00,157.259,hold,0.5281510809169129,32.78628918418123,0.2254285714285678,True,157.619,0.36000000000001364
2026-03-05 08:00:00+00:00,157.276,hold,0.535331787803344,31.99035170788954,0.2265714285714243,True,157.581,0.3049999999999784
2026-03-05 09:00:00+00:00,157.156,hold,0.5417807709733911,28.96779281994105,0.24221428571428102,True,157.689,0.532999999999987
2026-03-05 10:00:00+00:00,157.291,hold,0.5428825404401696,25.487087475894107,0.2449999999999944,True,157.73,0.43899999999999295
2026-03-05 11:00:00+00:00,157.348,hold,0.5279725577103993,22.273838022321314,0.24649999999999547,False,157.813,0.464999999999975
2026-03-05 12:00:00+00:00,157.442,hold,0.5243751030726361,19.102457147472133,0.25578571428570945,False,157.462,0.01999999999998181
2026-03-05 13:00:00+00:00,157.761,hold,0.5216132285982448,18.034659688416323,0.2670714285714248,False,157.483,-0.2779999999999916
2026-03-05 14:00:00+00:00,157.566,hold,0.5292999296534334,18.572433642542403,0.25135714285713917,False,157.425,-0.14099999999999113
2026-03-05 15:00:00+00:00,157.619,hold,0.5214976192668588,18.328005858796086,0.25578571428571145,False,157.555,-0.06399999999999295
2026-03-05 16:00:00+00:00,157.581,hold,0.5433187086799491,19.157483855957107,0.2564285714285696,False,157.466,-0.11499999999998067
2026-03-05 17:00:00+00:00,157.689,hold,0.5376569977356054,20.51274735792706,0.26342857142856857,False,157.481,-0.2079999999999984
2026-03-05 18:00:00+00:00,157.73,hold,0.5335291073511184,21.48479659398405,0.2666428571428554,False,157.502,-0.22799999999998022
2026-03-05 19:00:00+00:00,157.813,hold,0.5355355246273525,23.18036019491856,0.2606428571428552,False,157.492,-0.32099999999999795
2026-03-05 20:00:00+00:00,157.462,hold,0.5488724468513957,22.111426102779088,0.2710714285714277,False,157.668,0.20600000000001728
2026-03-05 21:00:00+00:00,157.483,hold,0.5488724468513957,21.130369446539845,0.2549285714285726,False,157.844,0.36099999999999
2026-03-05 22:00:00+00:00,157.425,hold,0.5405653915520745,20.713446979353538,0.2510714285714296,False,157.727,0.3019999999999925
2026-03-05 23:00:00+00:00,157.555,hold,0.5388254282049285,21.696216745084598,0.23557142857143074,False,157.537,-0.018000000000000682
2026-03-06 00:00:00+00:00,157.466,hold,0.5373717621306018,22.724694324570496,0.23564285714285965,False,157.656,0.18999999999999773
2026-03-06 01:00:00+00:00,157.481,hold,0.5373717621306018,23.559010982994913,0.23942857142857374,False,157.861,0.37999999999999545
2026-03-06 02:00:00+00:00,157.502,hold,0.5039289104119331,22.904849010277363,0.2312857142857163,False,157.878,0.37599999999997635
2026-03-06 03:00:00+00:00,157.492,hold,0.5214655962175134,24.238794029157525,0.21000000000000188,False,157.953,0.46100000000001273
2026-03-06 04:00:00+00:00,157.668,hold,0.5285319474562646,21.434528365619972,0.20621428571428776,False,158.001,0.3329999999999984
2026-03-06 05:00:00+00:00,157.844,hold,0.5155456860227835,20.01086400659051,0.19607142857143092,False,157.872,0.02800000000002001
2026-03-06 06:00:00+00:00,157.727,hold,0.5367166802806386,19.186677014720562,0.19064285714285795,False,157.668,-0.0589999999999975
2026-03-06 07:00:00+00:00,157.537,hold,0.540989742800328,16.651518303889308,0.18700000000000166,False,157.586,0.049000000000006594
2026-03-06 08:00:00+00:00,157.656,hold,0.5300321710966172,14.58059999130441,0.18385714285714375,False,157.641,-0.01500000000001478
2026-03-06 09:00:00+00:00,157.861,hold,0.5227226465528494,13.58763388078259,0.18985714285714397,False,157.801,-0.060000000000002274
2026-03-06 10:00:00+00:00,157.878,hold,0.5155456860227835,16.978610288887165,0.16892857142857207,False,157.811,-0.06699999999997885
2026-03-06 11:00:00+00:00,157.953,hold,0.5155456860227835,20.62226626012936,0.17271428571428618,False,157.873,-0.0800000000000125
2026-03-06 12:00:00+00:00,158.001,hold,0.5155456860227835,24.111288151554913,0.17842857142857074,False,157.797,-0.20400000000000773
2026-03-06 13:00:00+00:00,157.872,hold,0.5438575021892442,23.109893390893546,0.21214285714285502,False,158.222,0.3499999999999943
2026-03-06 14:00:00+00:00,157.668,hold,0.5455265319705113,22.635199037303494,0.23021428571428462,False,158.391,0.7229999999999848
2026-03-06 15:00:00+00:00,157.586,hold,0.5455265319705113,21.85871962065883,0.233785714285714,False,158.648,1.0619999999999834
2026-03-06 16:00:00+00:00,157.641,hold,0.5195650416664189,21.83440690222915,0.2413571428571442,False,158.695,1.054000000000002
2026-03-06 17:00:00+00:00,157.801,hold,0.5050564466467372,19.61790487977846,0.2560000000000023,False,158.707,0.9060000000000059
2026-03-06 18:00:00+00:00,157.811,hold,0.5381146362461333,18.90045582720774,0.2607142857142882,False,158.859,1.0480000000000018
2026-03-06 19:00:00+00:00,157.873,hold,0.5381146362461333,17.82813682567691,0.2525000000000018,False,158.722,0.849000000000018
2026-03-06 20:00:00+00:00,157.797,hold,0.5402344426292657,16.377163332831618,0.2543571428571454,False,158.372,0.575000000000017
2026-03-08 22:00:00+00:00,158.222,hold,0.5131901709041045,18.267851726862744,0.27878571428571775,False,158.619,0.39699999999999136
2026-03-08 23:00:00+00:00,158.391,hold,0.5176560429241402,20.249318292155,0.28757142857143136,False,158.459,0.06800000000001205
2026-03-09 00:00:00+00:00,158.648,hold,0.5250863889980395,21.501158033647148,0.29828571428571543,False,158.632,-0.015999999999991132
2026-03-09 01:00:00+00:00,158.695,hold,0.5321828646820495,20.472731011327905,0.2995000000000009,False,158.434,-0.2609999999999957
2026-03-09 02:00:00+00:00,158.707,hold,0.5240287540798535,18.68000174285429,0.2972857142857127,False,158.46,-0.24699999999998568
2026-03-09 03:00:00+00:00,158.859,hold,0.5321828646820495,16.818554579885493,0.2972857142857127,False,158.47,-0.38900000000001
2026-03-09 04:00:00+00:00,158.722,hold,0.5309666229210812,22.175639606163987,0.2649999999999985,False,158.573,-0.1490000000000009
2026-03-09 05:00:00+00:00,158.372,hold,0.5401741514862285,24.45858668330003,0.2652857142857122,False,158.322,-0.05000000000001137
2026-03-09 06:00:00+00:00,158.619,hold,0.5339353546730219,27.954985746050173,0.2691428571428552,True,158.385,-0.23400000000000887
2026-03-09 07:00:00+00:00,158.459,buy,0.5716510721680005,31.86668790319683,0.27264285714285563,True,158.085,-0.3739999999999952
2026-03-09 08:00:00+00:00,158.632,hold,0.5323340919346732,34.624624403880276,0.2779999999999977,True,158.137,-0.49500000000000455
2026-03-09 09:00:00+00:00,158.434,hold,0.5385757996889938,36.77714273790557,0.2919285714285686,True,158.34,-0.09399999999999409
2026-03-09 10:00:00+00:00,158.46,hold,0.5218227666729339,38.176818316793124,0.298571428571425,True,158.399,-0.06100000000000705
2026-03-09 11:00:00+00:00,158.47,hold,0.5231899943845713,39.59830426311688,0.29392857142856804,True,157.857,-0.6129999999999995
2026-03-09 12:00:00+00:00,158.573,hold,0.5194593552914885,38.169177762279126,0.27028571428570963,True,157.614,-0.9590000000000032
2026-03-09 13:00:00+00:00,158.322,hold,0.5365103897445069,36.73527112755306,0.27821428571428036,True,157.626,-0.695999999999998
2026-03-09 14:00:00+00:00,158.385,hold,0.5287917291680488,37.25987573874587,0.268428571428566,True,157.801,-0.5840000000000032
2026-03-09 15:00:00+00:00,158.085,hold,0.5415095639701484,39.036596884306235,0.2853571428571371,True,157.872,-0.21299999999999386
2026-03-09 16:00:00+00:00,158.137,hold,0.5415095639701484,41.262024861340635,0.2944285714285663,True,157.59,-0.546999999999997
2026-03-09 17:00:00+00:00,158.34,hold,0.5164563449640314,43.49585830813742,0.29421428571428165,True,157.626,-0.7139999999999986
2026-03-09 18:00:00+00:00,158.399,hold,0.5230565833354491,41.78455391639843,0.2907142857142832,True,157.813,-0.5860000000000127
2026-03-09 19:00:00+00:00,157.857,buy,0.5600650810853061,43.254764331553766,0.3139285714285681,True,157.889,0.03200000000001069
2026-03-09 20:00:00+00:00,157.614,buy,0.5600650810853061,44.15392721463632,0.3177857142857111,True,157.776,0.16200000000000614
2026-03-09 21:00:00+00:00,157.626,buy,0.5702910740597066,44.8813426092723,0.307071428571425,True,157.64,0.013999999999981583
2026-03-09 22:00:00+00:00,157.801,hold,0.5357933238090151,44.97733305548558,0.3052857142857103,True,157.545,-0.2560000000000002
2026-03-09 23:00:00+00:00,157.872,buy,0.5523077532208543,45.48718632136281,0.28642857142856876,True,157.299,-0.5730000000000075
2026-03-10 00:00:00+00:00,157.59,hold,0.5373918830469046,46.462033950523036,0.2984285714285712,True,157.699,0.10900000000000887
2026-03-10 01:00:00+00:00,157.626,hold,0.5349588949568603,47.79071144329337,0.3059285714285705,True,157.661,0.03499999999999659
2026-03-10 02:00:00+00:00,157.813,hold,0.5277409216374044,50.79201390987577,0.30428571428571366,True,157.765,-0.04800000000000182
2026-03-10 03:00:00+00:00,157.889,hold,0.5155701229459728,52.61869945214638,0.28428571428571353,True,157.796,-0.09300000000001774
2026-03-10 04:00:00+00:00,157.776,hold,0.5360107937816692,52.48892600534467,0.2784285714285732,True,157.81,0.033999999999991815
2026-03-10 05:00:00+00:00,157.64,hold,0.5337186527398382,50.597606489801386,0.26142857142857323,True,157.836,0.19600000000002638
2026-03-10 06:00:00+00:00,157.545,hold,0.5337186527398382,48.78768918001902,0.2566428571428584,True,157.689,0.14400000000000546
2026-03-10 07:00:00+00:00,157.299,hold,0.5326660881139984,47.978001841072604,0.2645714285714291,True,157.598,0.2990000000000066
2026-03-10 08:00:00+00:00,157.699,hold,0.5019913762903425,47.492263846267335,0.28257142857142775,True,157.572,-0.12700000000000955
2026-03-10 09:00:00+00:00,157.661,hold,0.5006746345156133,44.75540744205765,0.23985714285714316,True,157.6,-0.06100000000000705
2026-03-10 10:00:00+00:00,157.765,hold,0.5223428408658012,40.593031604431125,0.2326428571428575,True,157.869,0.10400000000001342
2026-03-10 11:00:00+00:00,157.796,hold,0.5228022479255182,36.44552998539916,0.23992857142857207,True,158.033,0.23699999999999477
2026-03-10 12:00:00+00:00,157.81,hold,0.5259988399835455,33.826426988341105,0.23371428571428712,True,157.999,0.18899999999999295
2026-03-10 13:00:00+00:00,157.836,hold,0.5323233680654791,32.73465322329606,0.23500000000000146,True,158.039,0.20299999999997453
2026-03-10 14:00:00+00:00,157.689,hold,0.5259988399835455,30.016048143856615,0.2269285714285709,True,158.152,0.46299999999999386
2026-03-10 15:00:00+00:00,157.598,hold,0.5274959376613442,27.52751242962716,0.22492857142856945,True,158.101,0.5029999999999859
2026-03-10 16:00:00+00:00,157.572,hold,0.5340622538069772,25.21690217126451,0.2213571428571401,True,158.192,0.6200000000000045
2026-03-10 17:00:00+00:00,157.6,hold,0.5363956556139149,24.917999611362443,0.2309999999999986,False,158.275,0.6750000000000114
2026-03-10 18:00:00+00:00,157.869,hold,0.5324398405241719,22.517335488690062,0.24657142857142642,False,158.293,0.4240000000000066
2026-03-10 19:00:00+00:00,158.033,hold,0.5209337038774374,21.187354370109198,0.25485714285714167,False,158.198,0.16500000000002046
2026-03-10 20:00:00+00:00,157.999,hold,0.5209337038774374,20.345905055511317,0.24971428571428436,False,158.1,0.10099999999999909
2026-03-10 21:00:00+00:00,158.039,hold,0.5202503565260319,19.692335246882028,0.2300714285714268,False,158.171,0.132000000000005
2026-03-10 22:00:00+00:00,158.152,hold,0.5140137748206793,19.26170724708982,0.21192857142857033,False,157.996,-0.1559999999999775
2026-03-10 23:00:00+00:00,158.101,hold,0.5243476082095105,20.57007722393606,0.2088571428571413,False,158.222,0.12100000000000932
2026-03-11 00:00:00+00:00,158.192,hold,0.520119639818951,21.594103565547947,0.2139999999999966,False,158.4,0.2079999999999984
2026-03-11 01:00:00+00:00,158.275,hold,0.5195738040055465,23.118483349257822,0.21064285714285397,False,158.473,0.1980000000000075
2026-03-11 02:00:00+00:00,158.293,hold,0.5195738040055465,24.08206498284088,0.20707142857142458,False,158.287,-0.006000000000000227
2026-03-11 03:00:00+00:00,158.198,hold,0.5337515316380681,24.59956577473201,0.20199999999999615,False,158.498,0.29999999999998295
2026-03-11 04:00:00+00:00,158.1,hold,0.5387796045289676,25.55547430818154,0.19392857142856762,True,158.608,0.5080000000000098
2026-03-11 05:00:00+00:00,158.171,hold,0.5314604637666115,26.628833113764767,0.18707142857142653,True,158.478,0.30700000000001637
2026-03-11 06:00:00+00:00,157.996,hold,0.5279484829373337,26.12058962349844,0.19699999999999868,True,158.686,0.6899999999999977
2026-03-11 07:00:00+00:00,158.222,hold,0.533380256964902,25.70640893259667,0.20135714285714204,True,158.831,0.6089999999999804
2026-03-11 08:00:00+00:00,158.4,hold,0.5292834931165799,26.584582910416135,0.19135714285714098,True,158.833,0.4329999999999927
2026-03-11 09:00:00+00:00,158.473,hold,0.5218764811880374,26.276010056683738,0.18171428571428447,True,158.845,0.3719999999999857
2026-03-11 10:00:00+00:00,158.287,hold,0.5428133512411559,24.512023573778443,0.19028571428571336,False,158.924,0.6370000000000005
2026-03-11 11:00:00+00:00,158.498,hold,0.5366069893483562,21.52424217377367,0.20321428571428563,False,158.946,0.4480000000000075
2026-03-11 12:00:00+00:00,158.608,hold,0.5223027100914398,18.665265498155716,0.21392857142857175,False,158.905,0.29699999999999704
2026-03-11 13:00:00+00:00,158.478,hold,0.5428133512411559,15.835854912509403,0.21678571428571405,False,158.825,0.34699999999998
2026-03-11 14:00:00+00:00,158.686,hold,0.529212713665655,14.370252416296838,0.223000000000001,False,158.972,0.28600000000000136
2026-03-11 15:00:00+00:00,158.831,hold,0.529212713665655,12.54162769563696,0.22450000000000006,False,159.081,0.25
2026-03-11 16:00:00+00:00,158.833,hold,0.5223027100914398,10.781261887275443,0.21935714285714272,False,158.977,0.14400000000000546
2026-03-11 17:00:00+00:00,158.845,hold,0.529212713665655,9.593486667658382,0.22085714285714175,False,158.859,0.014000000000010004
2026-03-11 18:00:00+00:00,158.924,hold,0.5220441111524508,9.593486667658253,0.21692857142856983,False,159.056,0.132000000000005
2026-03-11 19:00:00+00:00,158.946,hold,0.5180449151555897,9.535658387385382,0.21264285714285538,False,159.025,0.07900000000000773
2026-03-11 20:00:00+00:00,158.905,hold,0.5356701390792266,12.286922714067003,0.19499999999999723,False,159.124,0.2189999999999941
2026-03-11 21:00:00+00:00,158.825,hold,0.533547458596229,12.27439419992424,0.18178571428571136,False,159.112,0.28700000000000614
2026-03-11 22:00:00+00:00,158.972,hold,0.5356701390792266,12.479627415275496,0.1753571428571417,False,158.902,-0.0700000000000216
2026-03-11 23:00:00+00:00,159.081,hold,0.529450867672287,13.748442208902093,0.17857142857142655,False,158.8,-0.2809999999999775
2026-03-12 00:00:00+00:00,158.977,hold,0.5417439818555592,16.913527592906295,0.1837142857142839,False,158.885,-0.09200000000001296
2026-03-12 01:00:00+00:00,158.859,hold,0.5459612431932859,18.737882493675546,0.1799999999999987,False,158.751,-0.10800000000000409
2026-03-12 02:00:00+00:00,159.056,hold,0.548075281572384,20.43059151668947,0.17735714285713908,False,158.716,-0.3400000000000034
2026-03-12 03:00:00+00:00,159.025,hold,0.548075281572384,21.992913626258616,0.17171428571428343,False,158.693,-0.33199999999999363
2026-03-12 04:00:00+00:00,159.124,hold,0.5409447553148395,25.610262662636433,0.1540714285714273,True,158.892,-0.23199999999999932
2026-03-12 05:00:00+00:00,159.112,hold,0.5408149130302597,28.02794460463041,0.1522857142857126,True,158.996,-0.11599999999998545
2026-03-12 06:00:00+00:00,158.902,hold,0.49268163920259095,29.83366980534214,0.16214285714285584,True,159.182,0.28000000000000114
2026-03-12 07:00:00+00:00,158.8,hold,0.4897408233581081,29.36131860652663,0.16592857142857195,True,159.211,0.41100000000000136
2026-03-12 08:00:00+00:00,158.885,hold,0.485630911670803,28.18007180426099,0.17778571428571663,True,159.208,0.3230000000000075
2026-03-12 09:00:00+00:00,158.751,hold,0.4944341312290204,26.813712320710383,0.18957142857143236,True,159.313,0.5619999999999834
2026-03-12 10:00:00+00:00,158.716,hold,0.5252637415966683,23.90832331719051,0.1943571428571492,False,159.401,0.6850000000000023
2026-03-12 11:00:00+00:00,158.693,hold,0.5252637415966683,22.53076285729897,0.19785714285714764,False,159.371,0.6779999999999973
2026-03-12 12:00:00+00:00,158.892,hold,0.49474080871275705,21.329186655722587,0.20464285714285982,False,159.306,0.4140000000000157
2026-03-12 13:00:00+00:00,158.996,hold,0.5109213481557322,19.51996702091401,0.20942857142857463,False,159.297,0.3009999999999877
2026-03-12 14:00:00+00:00,159.182,hold,0.5437438657362278,16.578495449007757,0.20564285714286257,False,159.259,0.07699999999999818
2026-03-12 15:00:00+00:00,159.211,hold,0.5262370110599225,16.244297741731692,0.20464285714286184,False,159.236,0.024999999999977263
2026-03-12 16:00:00+00:00,159.208,hold,0.5336717442074431,15.260203415055793,0.19592857142857717,False,159.094,-0.11400000000000432
2026-03-12 17:00:00+00:00,159.313,hold,0.5158083137410623,14.67256308370777,0.20578571428571837,False,159.27,-0.042999999999977945
2026-03-12 18:00:00+00:00,159.401,hold,0.5158083137410623,12.16914875378536,0.20471428571428874,False,159.284,-0.11700000000001864
2026-03-12 19:00:00+00:00,159.371,hold,0.5227264163922679,10.985822171012117,0.20207142857143115,False,159.355,-0.016000000000019554
2026-03-12 20:00:00+00:00,159.306,hold,0.543861250764455,10.852400529830046,0.1975000000000031,False,159.505,0.19899999999998386
2026-03-12 21:00:00+00:00,159.297,hold,0.5417439818555592,12.884223586832203,0.18957142857143033,False,159.431,0.13400000000001455
2026-03-12 22:00:00+00:00,159.259,hold,0.5417439818555592,16.48987719248574,0.1798571428571429,False,159.43,0.1710000000000207
2026-03-12 23:00:00+00:00,159.236,hold,0.5347060329045343,19.24114076306221,0.17671428571428496,False,159.438,0.20199999999999818
2026-03-13 00:00:00+00:00,159.094,hold,0.512384892121203,20.609230518940713,0.1831428571428546,False,159.332,0.23799999999999955
2026-03-13 01:00:00+00:00,159.27,hold,0.5105022364287721,23.23931657196382,0.18821428571428506,False,159.479,0.20900000000000318
2026-03-13 02:00:00+00:00,159.284,hold,0.5244042449732206,25.77815427109121,0.18271428571428722,True,159.401,0.11700000000001864
2026-03-13 03:00:00+00:00,159.355,hold,0.5244042449732206,27.97207766255011,0.17600000000000193,True,159.288,-0.06699999999997885
2026-03-13 04:00:00+00:00,159.505,hold,0.5230315299222862,30.621475883376718,0.18171428571428652,True,159.332,-0.17300000000000182
2026-03-13 05:00:00+00:00,159.431,hold,0.5271628844158278,31.219980300525638,0.18207142857142905,True,159.102,-0.32900000000000773
2026-03-13 06:00:00+00:00,159.43,hold,0.5293260965812727,32.455739442789834,0.18149999999999977,True,159.368,-0.06200000000001182
2026-03-13 07:00:00+00:00,159.438,hold,0.5254096492458172,33.4827206647593,0.1788571428571442,True,159.54,0.10200000000000387
2026-03-13 08:00:00+00:00,159.332,hold,0.48365150940686,34.04188128905201,0.18414285714285938,True,159.612,0.28000000000000114
2026-03-13 09:00:00+00:00,159.479,hold,0.5231117316922863,33.43583194208316,0.1930714285714308,True,159.573,0.09399999999999409
2026-03-13 10:00:00+00:00,159.401,hold,0.5203085370972984,33.24912731006029,0.1930714285714308,True,159.634,0.23299999999997567
2026-03-13 11:00:00+00:00,159.288,hold,0.4930669480581772,31.92764993274896,0.19735714285714526,True,159.676,0.3879999999999768
2026-03-13 12:00:00+00:00,159.332,hold,0.4930669480581772,28.411598629086967,0.2033571428571475,True,159.682,0.3499999999999943
2026-03-13 13:00:00+00:00,159.102,hold,0.4944341312290204,25.810899395120806,0.21542857142857486,True,159.482,0.37999999999999545
2026-03-13 14:00:00+00:00,159.368,hold,0.5053330611436992,24.638556652704693,0.22000000000000292,False,159.555,0.18700000000001182
2026-03-13 15:00:00+00:00,159.54,hold,0.499215648651406,23.161639004129437,0.21928571428571786,False,159.3,-0.23999999999998067
2026-03-13 16:00:00+00:00,159.612,hold,0.5165495147933629,21.838938916899657,0.21571428571428847,False,159.422,-0.18999999999999773
2026-03-13 17:00:00+00:00,159.573,hold,0.531500141669057,20.978722762207997,0.21392857142857377,False,159.587,0.013999999999981583
2026-03-13 18:00:00+00:00,159.634,hold,0.5155456860227835,18.389607115949186,0.19814285714285923,False,159.499,-0.1349999999999909
2026-03-13 19:00:00+00:00,159.676,hold,0.5115429917155714,16.25740364729456,0.1912142857142872,False,159.56,-0.11599999999998545
2026-03-13 20:00:00+00:00,159.682,hold,0.5155456860227835,14.543318645538848,0.18771428571428878,False,159.343,-0.33899999999999864
2026-03-15 22:00:00+00:00,159.482,hold,0.539594590727202,13.715490199444515,0.1911428571428583,False,159.291,-0.1910000000000025
2026-03-15 23:00:00+00:00,159.555,hold,0.5365314115823576,13.337903820157194,0.18614285714285878,False,159.287,-0.2680000000000007
2026-03-16 00:00:00+00:00,159.3,hold,0.5235962762388322,14.509797574038588,0.19057142857143106,False,159.349,0.04899999999997817
2026-03-16 01:00:00+00:00,159.422,hold,0.5108304144202965,15.138955610186969,0.19428571428571623,False,159.321,-0.10099999999999909
2026-03-16 02:00:00+00:00,159.587,hold,0.5161500745584339,15.162782173449674,0.19671428571428912,False,159.224,-0.36299999999999955
2026-03-16 03:00:00+00:00,159.499,hold,0.5108304144202965,15.36406865715587,0.19299999999999987,False,159.127,-0.3719999999999857
2026-03-16 04:00:00+00:00,159.56,hold,0.5332257681590794,15.653061393848134,0.17714285714285843,False,159.133,-0.4269999999999925
2026-03-16 05:00:00+00:00,159.343,hold,0.5261030317410819,15.477206527819716,0.1753571428571458,False,158.936,-0.40699999999998226
2026-03-16 06:00:00+00:00,159.291,hold,0.5103400923136234,16.498712321422584,0.16807142857142918,False,159.141,-0.15000000000000568
2026-03-16 07:00:00+00:00,159.287,hold,0.5352598621328647,18.5885354601534,0.17400000000000052,False,159.29,0.002999999999985903
2026-03-16 08:00:00+00:00,159.349,hold,0.5383626667496884,21.217397264287886,0.17492857142857027,False,159.264,-0.08499999999997954
2026-03-16 09:00:00+00:00,159.321,hold,0.5383626667496884,24.83868678638624,0.17649999999999824,False,159.268,-0.05299999999999727
2026-03-16 10:00:00+00:00,159.224,hold,0.530541368763946,29.025761111490006,0.18014285714285652,True,159.143,-0.08099999999998886
2026-03-16 11:00:00+00:00,159.127,hold,0.5362663068332577,33.67529597379041,0.1847857142857135,True,,
2026-03-16 12:00:00+00:00,159.133,hold,0.5292106983957567,37.22520573361329,0.18042857142857013,True,,
2026-03-16 13:00:00+00:00,158.936,buy,0.5520524091677412,41.027720316446555,0.19035714285714025,True,,
2026-03-16 14:00:00+00:00,159.141,hold,0.5247636941357441,43.66090808250051,0.19285714285714,True,,
2026-03-16 15:00:00+00:00,159.29,hold,0.512949991545122,44.595651736060006,0.19678571428571193,True,,
2026-03-16 16:00:00+00:00,159.264,hold,0.519095588456023,47.22376258380611,0.19442857142856798,True,,
2026-03-16 17:00:00+00:00,159.268,hold,0.5294511404775478,51.17533829161853,0.19442857142857,True,,
2026-03-16 18:00:00+00:00,159.143,hold,0.5294511404775478,54.820378916639434,0.1954285714285707,True,,
